strategy,family,seed,depth,horizon,f1_gap,real_fam_gap,wall_s
random,wacatac,0,0.4642857142857143,6,0.0005693834474645998,0.0018965437908682325,555.965479850769
random,wacatac,1,0.9923371647509579,6,0.0008177160402542683,0.003570208364647831,448.9192883968353
random,wacatac,2,0.9923371647509579,6,0.0028526124227825633,0.0031709935714964166,520.1238322257996
uncertainty,wacatac,0,0.2586206896551725,3,0.00018957393814300616,5.9335773621604915e-05,707.0437715053558
uncertainty,wacatac,1,0.13793103448275867,0,0.00010663416546563553,6.641897644532602e-05,658.9916796684265
uncertainty,wacatac,2,0.18199233716475094,1,0.0003940723577965377,0.0003324900549528387,671.7294547557831
random,sfone,0,0.5625,2,0.0005693834474645998,0.0,440.8373544216156
random,sfone,1,1.0,1,0.0008177160402542683,0.0003229974160205984,427.64537262916565
random,sfone,2,1.0,4,0.0028526124227825633,0.0,645.6613395214081
uncertainty,sfone,0,0.4196428571428571,1,0.00018957393814300616,0.0,764.2943251132965
uncertainty,sfone,1,0.0,0,0.00010663416546563553,0.0,627.9765162467957
uncertainty,sfone,2,0.0,0,0.0003940723577965377,0.0,786.2367331981659
random,wacatac,3,0.9923371647509579,6,0.0005378218249749711,0.0031701652121483015,503.1979458332062
random,wacatac,4,0.4099616858237548,6,0.0007497793414689147,0.0032268336736699377,520.7947974205017
uncertainty,wacatac,3,0.23754789272030652,2,0.00014135861130548655,0.00033156946925350095,697.9008691310883
uncertainty,wacatac,4,0.14367816091954022,0,0.0003949490408705625,0.001869462441780101,684.491809129715
random,sfone,3,1.0,1,0.0005378218249749711,0.0,473.33021330833435
random,sfone,4,0.9642857142857143,2,0.0007497793414689147,0.0,523.8960220813751
uncertainty,sfone,3,0.0535714285714286,0,0.00014135861130548655,0.0,702.9432575702667
uncertainty,sfone,4,0.008928571428571397,0,0.0003949490408705625,0.0,744.4446287155151
random,wacatac,5,0.9540816326530612,9,0.00019880816363282428,0.0009571984386533838,340.5434958934784
random,wacatac,6,0.6231155778894473,6,0.001546372119275885,0.0017591949247527383,342.90801095962524
random,wacatac,7,0.923469387755102,9,0.0015874428787985284,0.001859335788278682,295.8002190589905
random,wacatac,8,0.6479591836734695,6,0.0014526679462135705,0.0027591664414496897,300.6235702037811
random,wacatac,9,0.510204081632653,6,0.0007991643924355474,0.0018731192579465317,316.03937888145447
uncertainty,wacatac,5,0.18090452261306522,3,0.0004154330912651272,0.0006104523965382302,388.4508101940155
uncertainty,wacatac,6,0.10919540229885061,0,0.00035080427906120093,0.0005908375643957076,378.234899520874
uncertainty,wacatac,7,0.16091954022988508,1,7.960048939326114e-05,0.0024998620398218874,412.927366733551
uncertainty,wacatac,8,0.12260536398467436,0,0.0002611346435681394,1.4955303301977807e-05,390.37274169921875
uncertainty,wacatac,9,0.11494252873563227,0,0.00013134309192774918,1.4955303301977807e-05,371.7916519641876
random,sfone,5,1.0,2,0.00019880816363282428,0.0,331.03910207748413
random,sfone,6,0.2857142857142857,1,0.001546372119275885,0.0,300.015656709671
random,sfone,7,1.0,3,0.0015874428787985284,0.0004782400765185324,288.67307114601135
random,sfone,8,1.0,2,0.0014526679462135705,0.0,273.4297902584076
random,sfone,9,1.0,2,0.0007991643924355474,0.0,308.33862566947937
uncertainty,sfone,5,0.0803571428571429,0,0.0004154330912651272,0.0,377.2492518424988
uncertainty,sfone,6,0.0,0,0.00035080427906120093,0.0,397.7299337387085
uncertainty,sfone,7,0.0,0,7.960048939326114e-05,0.0,410.1725695133209
uncertainty,sfone,8,0.0,0,0.0002611346435681394,0.0,364.3060932159424
uncertainty,sfone,9,0.0,0,0.00013134309192774918,0.0,433.487890958786
